Descriptor,Det_time,Ext_time,Match_time,N_feature_points
SIFT,0.05445852735,0.08332532735,0.16719362735,952
SURF,0.02990432735,0.01523102735,0.00391812735,457
