Detection Time,Extraction Time,Matching Time,Nº Feature Points,Nº Matched Features
0.0256268645,0.0389687645,0.0154669645,350,31
0.0110234645,0.0118471645,0.0016634645,194,36
