Detection Time,Extraction Time,Matching Time,Nº Feature Points,Nº Matched Features
0.0693071645,0.1234015645,0.3432933645,1174,5
0.0377512645,0.0394236645,0.0200787645,845,26
