Detection Time,Extraction Time,Matching Time,Nº Feature Points,Nº Matched Features
0.0166564645,0.0332933645,0.0162623645,344,7
0.0122094645,0.0139708645,0.0019907645,313,19
