Detection Time,Extraction Time,Matching Time,Nº Feature Points,Nº Matched Features
0.0170046645,0.0394254645,0.0247889645,328,15
0.0160020645,0.0166492645,0.0026824645,257,19
