Detection Time,Extraction Time,Matching Time,Nº Feature Points,Nº Matched Features
0.0664569645,0.1184770645,0.2636608645,1042,12
0.0337008645,0.0242874645,0.0112719645,629,29
