Detection Time,Extraction Time,Matching Time,Nº Feature Points,Nº Matched Features
0.0290436645,0.0411861645,0.0157312645,357,25
0.0221082645,0.0212885645,0.0015274645,250,26
