Detection Time,Extraction Time,Matching Time,Nº Feature Points,Nº Matched Features
0.0820320645,0.1114069645,0.2496462645,994,9
0.0341561645,0.0281676645,0.0203446645,693,28
