Detection Time,Extraction Time,Matching Time,Nº Feature Points,Nº Matched Features
0.0672306645,0.1367393645,0.2612505645,995,6
0.0320691645,0.0224249645,0.0071147645,526,45
