Detection Time,Extraction Time,Matching Time,Nº Feature Points,Nº Matched Features
0.0170323645,0.0327257645,0.0132277645,330,25
0.0193992645,0.0168222645,0.0023965645,228,32
