Detection Time,Extraction Time,Matching Time,Nº Feature Points,Nº Matched Features
0.0644597645,0.1114224645,0.2539194645,1044,8
0.0329894645,0.0247866645,0.0117897645,626,24
