Detection Time,Extraction Time,Matching Time,Nº Feature Points,Nº Matched Features
0.0235929325,0.0505205325,0.0179672325,274,123
0.0166997325,0.0232995325,0.0017021325,182,33
