Detection Time,Extraction Time,Matching Time,Nº Feature Points,Nº Matched Features
0.0650823645,0.1130163645,0.2539530645,982,19
0.0335478645,0.0258430645,0.0149913645,679,33
