Detection Time,Extraction Time,Matching Time,Nº Feature Points,Nº Matched Features
0.2301348325,0.3459975325,0.7023573325,500,144
0.0794240325,0.0171461325,0.0112686325,206,43
