Detection Time,Extraction Time,Matching Time,Nº Feature Points,Nº Matched Features
0.0739356645,0.2129223645,0.4189210645,982,16
0.0592097645,0.0473882645,0.0430002645,849,26
