Detection Time,Extraction Time,Matching Time,Nº Feature Points,Nº Matched Features
0.1652852325,0.2570163325,1.4638727325,1123,563
0.0563298325,0.0357737325,0.0274684325,455,154
