Detection Time,Extraction Time,Matching Time,Nº Feature Points,Nº Matched Features
0.0242086645,0.0475558645,0.0235916645,316,24
0.0193247645,0.0216068645,0.0044026645,309,17
