Detection Time,Extraction Time,Matching Time,Nº Feature Points,Nº Matched Features
0.0164190645,0.0330663645,0.0134852645,335,30
0.0116347645,0.0121410645,0.0019395645,240,30
