Detection Time,Extraction Time,Matching Time,Nº Feature Points,Nº Matched Features
0.0185570645,0.0354355645,0.0154110645,348,21
0.0112981645,0.0126243645,0.0014426645,223,22
