Detection Time,Extraction Time,Matching Time,Nº Feature Points,Nº Matched Features
0.0713305645,0.1347345645,0.2937972645,1029,14
0.0478772645,0.0377175645,0.0303565645,733,15
