Detection Time,Extraction Time,Matching Time,Nº Feature Points,Nº Matched Features
0.0719132325,0.1284721325,0.2301662325,952,100
0.0408472325,0.0309917325,0.0094831325,457,48
